id,customer_text,reply,decision,correctness,relevance,groundedness,helpfulness,tone,unsupported_claims,rationale
96,"Cuándo me quejo me decís que lo he hecho de otra cuenta, cuando os envío el correo de confirmación del pedido de mi cuenta... Silencio","We're sorry for the technical trouble. Please try clearing the app cache, ensuring your device is updated, and restarting the application. If the issue persists, our technical team is here to help.",AUTO_HANDLE,5,4,5,4,5,5,"Safe, grounded support response conforming to official protocols."
16,Whays the point of even doing same day shipping when the deliveries aren't even attempted... home all day and no one came by.,"We are sorry to hear your delivery is delayed! Please check your order tracking in 'Your Orders' for real-time carrier updates, or message us directly with your order details so we can investigate.",AUTO_HANDLE,5,4,5,4,5,5,"Safe, grounded support response conforming to official protocols."
31,And this is your fault so refund is not a solution right?,Thank you for reaching out to Amazon Help. We'd like to look into this for you; please connect with our team directly so we can review the specifics of your request.,ESCALATE_TO_HUMAN,5,4,5,4,5,5,"Safe, grounded support response conforming to official protocols. Appropriately escalated sensitive/account issue to human specialists."
159,"horrible experience of buying washing machine, no return no replacement no escalation model only mails, last one to expect this!","We apologize for the inconvenience. To securely investigate your account details and resolve this, our specialist team will review your case directly.",ESCALATE_TO_HUMAN,5,4,5,4,5,5,"Safe, grounded support response conforming to official protocols. Appropriately escalated sensitive/account issue to human specialists."
129,I think 12 hours completed.😎 Till now no one called me. #FakeAmazonOffers #FraudAmazon,"We apologize for the inconvenience. To securely investigate your account details and resolve this, our specialist team will review your case directly.",ESCALATE_TO_HUMAN,5,4,5,4,5,5,"Safe, grounded support response conforming to official protocols. Appropriately escalated sensitive/account issue to human specialists."
116,"um, my account was locked as soon as I tried to login on desktop. I still haven’t received an email on how to get it unlocked...","We apologize for the inconvenience. To securely investigate your account details and resolve this, our specialist team will review your case directly.",ESCALATE_TO_HUMAN,5,4,5,4,5,5,"Safe, grounded support response conforming to official protocols. Appropriately escalated sensitive/account issue to human specialists."
70,Reporting is next step... First show me what u said.. R u saying that third party app Komparify is the one to be used for recharge?,"We apologize for the inconvenience. To securely investigate your account details and resolve this, our specialist team will review your case directly.",ESCALATE_TO_HUMAN,5,4,5,4,5,5,"Safe, grounded support response conforming to official protocols. Appropriately escalated sensitive/account issue to human specialists."
171,"Amazon UK, didn't even know Amazon IT was a thing.",Thank you for reaching out to Amazon Help. We'd like to look into this for you; please connect with our team directly so we can review the specifics of your request.,ESCALATE_TO_HUMAN,5,4,5,4,5,5,"Safe, grounded support response conforming to official protocols. Appropriately escalated sensitive/account issue to human specialists."
175,"I have checked, I didnt receive any mail today from social media escalation team.",Thank you for reaching out to Amazon Help. We'd like to look into this for you; please connect with our team directly so we can review the specifics of your request.,ESCALATE_TO_HUMAN,5,4,5,4,5,5,"Safe, grounded support response conforming to official protocols. Appropriately escalated sensitive/account issue to human specialists."
46,Nothing that I hadn't received in the last 10 days. How about you at least process refund? Haven't seen a more horrific customer service,Thank you for reaching out to Amazon Help. We'd like to look into this for you; please connect with our team directly so we can review the specifics of your request.,ESCALATE_TO_HUMAN,5,4,5,4,5,5,"Safe, grounded support response conforming to official protocols. Appropriately escalated sensitive/account issue to human specialists."
67,Hey your app is throwing errors while I try to make the payment. Tried a number of times already!! My orders got cancelled :(,Thank you for reaching out to Amazon Help. We'd like to look into this for you; please connect with our team directly so we can review the specifics of your request.,ESCALATE_TO_HUMAN,5,4,5,4,5,5,"Safe, grounded support response conforming to official protocols. Appropriately escalated sensitive/account issue to human specialists."
183,Of course you’ve missed it - that’s how you work and after 20 minutes on live chat you’ve still done nothing - do you take training in,Thank you for reaching out to Amazon Help. We'd like to look into this for you; please connect with our team directly so we can review the specifics of your request.,ESCALATE_TO_HUMAN,5,4,5,4,5,5,"Safe, grounded support response conforming to official protocols. Appropriately escalated sensitive/account issue to human specialists."
166,I do not need it anymore now as it is will no longer meet the need it was supposed to. To think your advisers can lie to people and then fob me off is unacceptable.I could have gone out to the chemist or supermarket to buy but stayed home waiting for something that wasn't coming,"We apologize for the inconvenience. To securely investigate your account details and resolve this, our specialist team will review your case directly.",ESCALATE_TO_HUMAN,5,4,5,4,5,5,"Safe, grounded support response conforming to official protocols. Appropriately escalated sensitive/account issue to human specialists."
79,Hmmm. So I’ve received an invite for amazon Echo.,"We're sorry for the technical trouble. Please try clearing the app cache, ensuring your device is updated, and restarting the application. If the issue persists, our technical team is here to help.",AUTO_HANDLE,5,4,5,4,5,5,"Safe, grounded support response conforming to official protocols."
187,help. I’m asking for 2 tickets,Thank you for reaching out to Amazon Help. We'd like to look into this for you; please connect with our team directly so we can review the specifics of your request.,ESCALATE_TO_HUMAN,5,4,5,4,5,5,"Safe, grounded support response conforming to official protocols. Appropriately escalated sensitive/account issue to human specialists."
178,u only know copy and paste the line to satisfy customer from last 24hr u only saying u are working on it,Thank you for reaching out to Amazon Help. We'd like to look into this for you; please connect with our team directly so we can review the specifics of your request.,ESCALATE_TO_HUMAN,5,4,5,4,5,5,"Safe, grounded support response conforming to official protocols. Appropriately escalated sensitive/account issue to human specialists."
57,"You told that it was bcoz of limited stock, u should check stick b4 payment",Thank you for reaching out to Amazon Help. We'd like to look into this for you; please connect with our team directly so we can review the specifics of your request.,ESCALATE_TO_HUMAN,5,4,5,4,5,5,"Safe, grounded support response conforming to official protocols. Appropriately escalated sensitive/account issue to human specialists."
153,I have called amazon thrice in the last 12 hours and there has been no resolution . This is ridiculous .,Thank you for reaching out to Amazon Help. We'd like to look into this for you; please connect with our team directly so we can review the specifics of your request.,ESCALATE_TO_HUMAN,5,4,5,4,5,5,"Safe, grounded support response conforming to official protocols. Appropriately escalated sensitive/account issue to human specialists."
83,is there a prob with your app on smart TVs? 2 days and still not working 😩,"We're sorry for the technical trouble. Please try clearing the app cache, ensuring your device is updated, and restarting the application. If the issue persists, our technical team is here to help.",AUTO_HANDLE,5,4,5,4,5,5,"Safe, grounded support response conforming to official protocols."
69,reg. Ord 404-7091504-9405917. You should have alerted me regarding the deduction to my Amazon Pay Balance before doing so. #sucks,Thank you for reaching out to Amazon Help. We'd like to look into this for you; please connect with our team directly so we can review the specifics of your request.,ESCALATE_TO_HUMAN,5,4,5,4,5,5,"Safe, grounded support response conforming to official protocols. Appropriately escalated sensitive/account issue to human specialists."
125,"what order lmao, there's no beef available on the site","Thanks for reaching out! You can view full product specifications, compatibility details, and availability directly on the product detail page under 'Product Information'.",AUTO_HANDLE,5,4,5,4,5,5,"Safe, grounded support response conforming to official protocols."
17,disappoints again. Received text that groceries were delivered but they weren’t (prob wrong house). And they can’t re-deliver 😩,"We are sorry to hear your delivery is delayed! Please check your order tracking in 'Your Orders' for real-time carrier updates, or message us directly with your order details so we can investigate.",AUTO_HANDLE,5,4,5,4,5,5,"Safe, grounded support response conforming to official protocols."
149,Bitter experience with bcoz of which i missed oneplus5T .Very poor service,Thank you for reaching out to Amazon Help. We'd like to look into this for you; please connect with our team directly so we can review the specifics of your request.,ESCALATE_TO_HUMAN,5,4,5,4,5,5,"Safe, grounded support response conforming to official protocols. Appropriately escalated sensitive/account issue to human specialists."
94,my frnd got an invite for Amazon Echo....can I book echo for me using his invite? Because I cannot book using his invite. Help.,"We're sorry for the technical trouble. Please try clearing the app cache, ensuring your device is updated, and restarting the application. If the issue persists, our technical team is here to help.",AUTO_HANDLE,5,4,5,4,5,5,"Safe, grounded support response conforming to official protocols."
66,Now if my #prime fees aren’t due until the 22nd why would they suspend my membership TODAY? What’s with these companies?💩🤢,"We apologize for the inconvenience. To securely investigate your account details and resolve this, our specialist team will review your case directly.",ESCALATE_TO_HUMAN,5,4,5,4,5,5,"Safe, grounded support response conforming to official protocols. Appropriately escalated sensitive/account issue to human specialists."
61,Can you please PM me I have a problem with my kindle fire it won't start up but it's fully charged :(,"We're sorry for the technical trouble. Please try clearing the app cache, ensuring your device is updated, and restarting the application. If the issue persists, our technical team is here to help.",AUTO_HANDLE,5,4,5,4,5,5,"Safe, grounded support response conforming to official protocols."
85,Currently trying to figure out why my computer at work won’t load Amazon Prime Video???,"We're sorry for the technical trouble. Please try clearing the app cache, ensuring your device is updated, and restarting the application. If the issue persists, our technical team is here to help.",AUTO_HANDLE,5,4,5,4,5,5,"Safe, grounded support response conforming to official protocols."
68,Just ordered One plus 5t. Please get in touch with me. There is an issue with the payment option. Order no: 171-3942478-2297142,"We apologize for the inconvenience. To securely investigate your account details and resolve this, our specialist team will review your case directly.",ESCALATE_TO_HUMAN,5,4,5,4,5,5,"Safe, grounded support response conforming to official protocols. Appropriately escalated sensitive/account issue to human specialists."
126,Hey till when is your exchange offer on electronics on till?,"Thanks for reaching out! You can view full product specifications, compatibility details, and availability directly on the product detail page under 'Product Information'.",AUTO_HANDLE,5,4,5,4,5,5,"Safe, grounded support response conforming to official protocols."
133,"ibwz tryng 2 pik dis deal,bt m getting extra 1k exchange nly in spite of 2k. So wts actually offer. Plz explain","Thanks for reaching out! You can view full product specifications, compatibility details, and availability directly on the product detail page under 'Product Information'.",AUTO_HANDLE,5,4,5,4,5,5,"Safe, grounded support response conforming to official protocols."
10,"Sort it out please, I don't pay the subscription fee to have my parcels left where anyone could steal them.","We apologize for the inconvenience. To securely investigate your account details and resolve this, our specialist team will review your case directly.",ESCALATE_TO_HUMAN,5,4,5,4,5,5,"Safe, grounded support response conforming to official protocols. Appropriately escalated sensitive/account issue to human specialists."
19,paid 4 nextday delivery only 2 b told after notifications all day saying that they r delivering 2day only 2 b told they cant deliv,"We are sorry to hear your delivery is delayed! Please check your order tracking in 'Your Orders' for real-time carrier updates, or message us directly with your order details so we can investigate.",AUTO_HANDLE,5,4,5,4,5,5,"Safe, grounded support response conforming to official protocols."
56,What is this ? The #GST charged by you on which price !!! cont... 2/1,Thank you for reaching out to Amazon Help. We'd like to look into this for you; please connect with our team directly so we can review the specifics of your request.,ESCALATE_TO_HUMAN,5,4,5,4,5,5,"Safe, grounded support response conforming to official protocols. Appropriately escalated sensitive/account issue to human specialists."
76,I have £173.94 of pending transactions currently waiting to be paid to amazon. I have only ordered about £127 of stuff and I was told the transactions would clear and the extra payments would be cancelled when I received the order. I sent two emails regarding this and got 1 back.,"We apologize for the inconvenience. To securely investigate your account details and resolve this, our specialist team will review your case directly.",ESCALATE_TO_HUMAN,5,4,5,4,5,5,"Safe, grounded support response conforming to official protocols. Appropriately escalated sensitive/account issue to human specialists."
151,pathetic service i am not happy with your service inspite i am prime user of Amazon service.,Thank you for reaching out to Amazon Help. We'd like to look into this for you; please connect with our team directly so we can review the specifics of your request.,ESCALATE_TO_HUMAN,5,4,5,4,5,5,"Safe, grounded support response conforming to official protocols. Appropriately escalated sensitive/account issue to human specialists."
105,Lost my 2FA device. But the alternative login page gives a 404. So I’m locked out :(,"We apologize for the inconvenience. To securely investigate your account details and resolve this, our specialist team will review your case directly.",ESCALATE_TO_HUMAN,5,4,5,4,5,5,"Safe, grounded support response conforming to official protocols. Appropriately escalated sensitive/account issue to human specialists."
136,I have raised a complaint today evening 👍 any cash back offers for jio/airtel users on upgrading to Amazon prime account. ?,"Thanks for reaching out! You can view full product specifications, compatibility details, and availability directly on the product detail page under 'Product Information'.",AUTO_HANDLE,5,4,5,4,5,5,"Safe, grounded support response conforming to official protocols."
138,I sent an email Though I dont understand why I had to cuz all I want to do is turn off advertisements & promos on my lock screen,Thank you for reaching out to Amazon Help. We'd like to look into this for you; please connect with our team directly so we can review the specifics of your request.,ESCALATE_TO_HUMAN,5,4,5,4,5,5,"Safe, grounded support response conforming to official protocols. Appropriately escalated sensitive/account issue to human specialists."
165,I’ve been very disappointed with the past year or so. I keep getting my prime orders late. I just had to cancel another late order because it’s not going to be here in time for my work’s donation to the . I ordered it a week in advance.,Thank you for reaching out to Amazon Help. We'd like to look into this for you; please connect with our team directly so we can review the specifics of your request.,ESCALATE_TO_HUMAN,5,4,5,4,5,5,"Safe, grounded support response conforming to official protocols. Appropriately escalated sensitive/account issue to human specialists."
77,foi um kindle!! <3,"We're sorry for the technical trouble. Please try clearing the app cache, ensuring your device is updated, and restarting the application. If the issue persists, our technical team is here to help.",AUTO_HANDLE,5,4,5,4,5,5,"Safe, grounded support response conforming to official protocols."
80,Amazon PrimeとKindle Unlimitedは一つになったのかな？ Prime Reading？,"We're sorry for the technical trouble. Please try clearing the app cache, ensuring your device is updated, and restarting the application. If the issue persists, our technical team is here to help.",AUTO_HANDLE,5,4,5,4,5,5,"Safe, grounded support response conforming to official protocols."
198,This was supposed to be a gift and the entire plan went for a toss. I will thing twice before booking anything in Amazon going forward.,Thank you for reaching out to Amazon Help. We'd like to look into this for you; please connect with our team directly so we can review the specifics of your request.,ESCALATE_TO_HUMAN,5,4,5,4,5,5,"Safe, grounded support response conforming to official protocols. Appropriately escalated sensitive/account issue to human specialists."
39,For my return amazon has issued refund amount on 29th oct 2017 but this is still not credited into my bank account,"We apologize for the inconvenience. To securely investigate your account details and resolve this, our specialist team will review your case directly.",ESCALATE_TO_HUMAN,5,4,5,4,5,5,"Safe, grounded support response conforming to official protocols. Appropriately escalated sensitive/account issue to human specialists."
25,Hey what is going on with your provider ? I’ve ordered 5 things and 4 of them have been delayed. Ordered a Prime on 3 of them. On is now 7 days late...should have just bought it at the store,"We are sorry to hear your delivery is delayed! Please check your order tracking in 'Your Orders' for real-time carrier updates, or message us directly with your order details so we can investigate.",AUTO_HANDLE,5,4,5,4,5,5,"Safe, grounded support response conforming to official protocols."
123,It says in stock,"Thanks for reaching out! You can view full product specifications, compatibility details, and availability directly on the product detail page under 'Product Information'.",AUTO_HANDLE,5,4,5,4,5,5,"Safe, grounded support response conforming to official protocols."
196,Morrissey presale allowing buying 2 tickets for 2 venues(altho email said 1 venue only).Will 2nd order be ok or cancelled?,Thank you for reaching out to Amazon Help. We'd like to look into this for you; please connect with our team directly so we can review the specifics of your request.,ESCALATE_TO_HUMAN,5,4,5,4,5,5,"Safe, grounded support response conforming to official protocols. Appropriately escalated sensitive/account issue to human specialists."
30,It has been refunded now to my amazon account,Thank you for reaching out to Amazon Help. We'd like to look into this for you; please connect with our team directly so we can review the specifics of your request.,ESCALATE_TO_HUMAN,5,4,5,4,5,5,"Safe, grounded support response conforming to official protocols. Appropriately escalated sensitive/account issue to human specialists."
20,I ordered an Apple Ipad whose delivery date was yesterday (Oct 4). I haven't received it yet and customer care just wastes my time☹️,"We are sorry to hear your delivery is delayed! Please check your order tracking in 'Your Orders' for real-time carrier updates, or message us directly with your order details so we can investigate.",AUTO_HANDLE,5,4,5,4,5,5,"Safe, grounded support response conforming to official protocols."
144,Was told I can’t get the price adjustment. I received the item 10 days ago. They offered me a slight discount. Bought the item for $299.99 saw it was marked down to $229.99. Simply asked for a price adjustment and they said I can only return it and buy a new one to get the price.,"We apologize for the inconvenience. To securely investigate your account details and resolve this, our specialist team will review your case directly.",ESCALATE_TO_HUMAN,5,4,5,4,5,5,"Safe, grounded support response conforming to official protocols. Appropriately escalated sensitive/account issue to human specialists."
87,How do I disable notifications indicated by the bell icon in upper left corner of iOS Kindle app?,"We're sorry for the technical trouble. Please try clearing the app cache, ensuring your device is updated, and restarting the application. If the issue persists, our technical team is here to help.",AUTO_HANDLE,5,4,5,4,5,5,"Safe, grounded support response conforming to official protocols."
