query_id,query_text,gold_intent,rank,similarity_score,relevance_score,retrieved_customer,retrieved_support
96,"Cuándo me quejo me decís que lo he hecho de otra cuenta, cuando os envío el correo de confirmación del pedido de mi cuenta... Silencio",technical_issue,1,0.3854,1,"hola, he recibido un correo de “__email__” sobre una copia de mi tarjeta en otra cuenta, es real el correo?","@182671 Hola, si el e-mail proviene de un proveedor de e-mail finalizado en __email__ o __email__ sí sería nuestro ^AR"
96,"Cuándo me quejo me decís que lo he hecho de otra cuenta, cuando os envío el correo de confirmación del pedido de mi cuenta... Silencio",technical_issue,2,0.3502,2,"me mandaron este correo el dia lunes y aun no me llega mi pedido y mi cuenta esta bloqueada, hable con sus compañeros de servicio al cliente para ver lo de mi pedido y cuenta y lo del pedido se soluciono ese es el correo que me mandaron pero la cuenta sigue bloqueada","@127729 Alejandro, por motivos de seguridad te recomiendo eliminar la imagen con la información personal de tu cuenta y pedido. En este caso por favor entra en contacto con nuestro Servicio al Cliente, accesando en el siguiente enlace: https://t.co/bPnxm0cKwb. ^NB"
96,"Cuándo me quejo me decís que lo he hecho de otra cuenta, cuando os envío el correo de confirmación del pedido de mi cuenta... Silencio",technical_issue,3,0.3415,1,Me quejo porque hacéis lo que os da la gana con mi cuenta y que me contestáis que tengo otra. Primero verificad #epicfail,"@158316 Hola Rita, ¿podrías comentarnos más sobre lo que ha ocurrido sin publicar detalles de tu cuenta? ^DA"
96,"Cuándo me quejo me decís que lo he hecho de otra cuenta, cuando os envío el correo de confirmación del pedido de mi cuenta... Silencio",technical_issue,4,0.3304,1,Ya lo he hecho 2 veces.,"@210099 Brian, ¿que respuesta recibiste por parte de nuestros agentes? ^AZ"
96,"Cuándo me quejo me decís que lo he hecho de otra cuenta, cuando os envío el correo de confirmación del pedido de mi cuenta... Silencio",technical_issue,5,0.2992,1,"Que mi cuenta ha sido bloqueada por motivos de seguridad, y recibi un correo de que ya estaba liberada","@174676 Lamento este inconveniente Iñigo, ¿Has entrado en contacto con nuestro Servicio al Cliente para reportar lo sucedido? ^AZ"
16,Whays the point of even doing same day shipping when the deliveries aren't even attempted... home all day and no one came by.,delivery_or_delay,1,0.2534,1,What’s the point of prime if I get 10+ day shipping?,@127576 I'm so sorry for the delay! Please reach out to us here: https://t.co/hApLpMlfHN and we can help with this. ^TK
16,Whays the point of even doing same day shipping when the deliveries aren't even attempted... home all day and no one came by.,delivery_or_delay,2,0.2426,1,"Odd, I got the package that was delivered after my first one, first. Even though I pad for same day shipping for the first package and was told it would be at my doorstep tonight...what's the point of paying same day shipping if you don't get it same day?","@213581 Oh no! Although we can't access accounts via Twitter, we still want to help. Please call or chat in so we can explore available options together here: https://t.co/hApLpMlfHN ^SG"
16,Whays the point of even doing same day shipping when the deliveries aren't even attempted... home all day and no one came by.,delivery_or_delay,3,0.2287,1,I paid $52 to get same-day shipping and it’s not even here #wasteofmoney,@189762 I'm sorry for the wait! What's the tracking info say? Who's the carrier for your order shown here: https://t.co/Y5jpI9gRhE? ^DW
16,Whays the point of even doing same day shipping when the deliveries aren't even attempted... home all day and no one came by.,delivery_or_delay,4,0.2163,1,delivery driver left no card not even attempted delivery. What’s the point in your service #aweful,@187426 Oh! Have you tried to reach out to us here: https://t.co/JzP7hlRCV9 for real-time assistance with this? Keep us posted! ^FR
16,Whays the point of even doing same day shipping when the deliveries aren't even attempted... home all day and no one came by.,delivery_or_delay,5,0.2137,1,"apparently one of your drivers has attempted delivery, strange that, I’ve been in all day and no ones knocked the door 🤔🤔",@186000 I'm sorry we missed you. Do you use our Unattended Delivery Preference options? Details here: https://t.co/4m9qrRxrdF ^TM
31,And this is your fault so refund is not a solution right?,refund_or_compensation,1,0.367,1,This is your answer:,@138635 We already consider your request. Please have some patience. Thanks :) ^DS
31,And this is your fault so refund is not a solution right?,refund_or_compensation,2,0.3307,1,THIS IS NOT TRACKING. THIS IS ASSUMPTION.,@141445 If your order wasn't delivered did you get a chance to contact the Seller? They can take up to 48 hours to respond back.  ^AF
31,And this is your fault so refund is not a solution right?,refund_or_compensation,3,0.2953,2,This is not a solution Amazon. This is not my answer plz help me with my shipment i need it for the gift please,@206314 will make sure to have your shipment delivered by the estimated delivery date. (2/2) ^VM
31,And this is your fault so refund is not a solution right?,refund_or_compensation,4,0.286,1,I need a compensation for sure.....its purely your fault,"@132993 I'm afraid we do not have a compensation policy. As our team is working on the issue, request you to wait for an update. Further, I'll be sure to pass your feedback to the concerned team internally. Appreciate your understanding. ^NK"
31,And this is your fault so refund is not a solution right?,refund_or_compensation,5,0.2765,1,"But you have not answered that when it is your fault, why can't you deliver it in fastest possible time?",@170108 At times orders are delayed due to delay in procurement. Yet we do our best not to let you down on promised time . ^CB
159,"horrible experience of buying washing machine, no return no replacement no escalation model only mails, last one to expect this!",complaint_or_feedback,1,0.2825,1,I'm thinking of buying one....,@190607 Thank you for the feedback. I shall forward it to the concerned team for review. How could you assist further? ^HR
159,"horrible experience of buying washing machine, no return no replacement no escalation model only mails, last one to expect this!",complaint_or_feedback,2,0.2562,0,I have purchased washing machine from amazon on 8 they delivered washing machine installation not yet completed call on 9000503707,"@215021 Please don't provide your contact detail, we consider it to be personal information. Our page is visible to the public.(2//2)^SF"
159,"horrible experience of buying washing machine, no return no replacement no escalation model only mails, last one to expect this!",complaint_or_feedback,3,0.2414,1,I want to purchase a Washing machine so I have no alternative address,"@158433 In that case, we would suggest placing the order without the exchange offer, Appreciate your understanding. ^ZH"
159,"horrible experience of buying washing machine, no return no replacement no escalation model only mails, last one to expect this!",complaint_or_feedback,4,0.2108,0,horrible experience. Pathetic cs care . Worst experience. Even a prime member,@120927 Please fill in your details using the link: https://t.co/JzRdscmdH9 and I'll get in touch with you soon. ^AK (2/2)
159,"horrible experience of buying washing machine, no return no replacement no escalation model only mails, last one to expect this!",complaint_or_feedback,5,0.2073,1,OrderId 407-5786974-7485166 Ordered a washing machine and it was defected! No one came for taking it back.,@122482 Please don't provide your order details as we consider it personal information. Our twitter page is visible to public.(2/2)^CB
129,I think 12 hours completed.😎 Till now no one called me. #FakeAmazonOffers #FraudAmazon,product_or_service_info,1,0.2928,1,Till now no response from us side,@172830 We've emailed you. Kindly check it here: https://t.co/8DWyEheojk ^NS
129,I think 12 hours completed.😎 Till now no one called me. #FakeAmazonOffers #FraudAmazon,product_or_service_info,2,0.2874,1,I filled it out. No one called. Typical Amazon.,@186446 Have you received any e-mail notifications in either your inbox or spam/junk folder? Sometimes notifications can end up here. ^WM
129,I think 12 hours completed.😎 Till now no one called me. #FakeAmazonOffers #FraudAmazon,product_or_service_info,3,0.2869,1,"On Top of that, I get a #Fake delivery attempt message just now! No one called, no one came for delivery! Is that your standards?","@202515 Sorry about the issue with delivery. Please connect with us here: https://t.co/TK4yevTaND, we'll assist you regarding this. ^NR"
129,I think 12 hours completed.😎 Till now no one called me. #FakeAmazonOffers #FraudAmazon,product_or_service_info,4,0.2863,1,No response till now.,"@190649 Sorry for the miss, kindly connect with our team here: https://t.co/R3EfhzgU8B and we'll look into it. ^PS"
129,I think 12 hours completed.😎 Till now no one called me. #FakeAmazonOffers #FraudAmazon,product_or_service_info,5,0.2863,1,No one called me to deliver package even I tried to call delivery agent but his no is switched off.,@208238 Sorry about the delivery. Please report this to our support team here: https://t.co/vlvfJr4nN9. ^HA
116,"um, my account was locked as soon as I tried to login on desktop. I still haven’t received an email on how to get it unlocked...",account_or_access,1,0.2757,1,resolved my problrm as soon as problem,"@130737 If you've filled in your details through the link provided earlier, please be assured our respective team will reach out to you at the earliest. ^PB"
116,"um, my account was locked as soon as I tried to login on desktop. I still haven’t received an email on how to get it unlocked...",account_or_access,2,0.2657,1,I still haven't received a email,"@158930 Hi David, pls contact us for assistance:  https://t.co/JzP7hlA23B  ^TD"
116,"um, my account was locked as soon as I tried to login on desktop. I still haven’t received an email on how to get it unlocked...",account_or_access,3,0.234,1,Just tried to order from for the first time since my account was unlocked annnnnnnnnnnd it's now locked again and my order has been cancelled. FFS,@127582 I'm sorry to hear this! Have you received an email from our Account Specialists? Be sure to check your junk/spam folder! ^ME
116,"um, my account was locked as soon as I tried to login on desktop. I still haven’t received an email on how to get it unlocked...",account_or_access,4,0.2286,1,As soon as possible means how much time? #FakeAmazonOffers #FraudAmazon,"@181565 Once the form is submitted, We'd get back latest by 12 hours. ^BS"
116,"um, my account was locked as soon as I tried to login on desktop. I still haven’t received an email on how to get it unlocked...",account_or_access,5,0.2269,1,How to check that???? While i an not a spammer i think my account was spammed,"@162488 In that case, drop in your details here: https://t.co/GIJyeYqKE0 &amp; we'll get help accordingly, you may 1/2 ^MJ"
70,Reporting is next step... First show me what u said.. R u saying that third party app Komparify is the one to be used for recharge?,payment_or_billing,1,0.3081,1,is this aachi masala costs ₹1776?? Wat is this to be used for?? Sperm whale curry??,"@131411 Prices on our website is offered as per seller's discretion. However, we will consider this as feedback and pass it on internally for improvements. ^RW"
70,Reporting is next step... First show me what u said.. R u saying that third party app Komparify is the one to be used for recharge?,payment_or_billing,2,0.2773,1,Even done this ... What is next step ? How I will get my order..,"@176370 If you have shared your details, our team will definitely get back to you with an update soon. Request you to wait. ^NK"
70,Reporting is next step... First show me what u said.. R u saying that third party app Komparify is the one to be used for recharge?,payment_or_billing,3,0.2689,1,By a third party,@139201 Have you had a chance to contact the seller for available return options: https://t.co/PxWPdv7WNe? ^LI
70,Reporting is next step... First show me what u said.. R u saying that third party app Komparify is the one to be used for recharge?,payment_or_billing,4,0.2547,1,I think third party seller,"@216557 Thanks, can you see tracking info on your order? ^AS"
70,Reporting is next step... First show me what u said.. R u saying that third party app Komparify is the one to be used for recharge?,payment_or_billing,5,0.2019,1,"One is sold by third party, one by Amazon EU","@147317 Hey Debbie, did you get free delivery? The reason why items are being sent separately is because they are coming from different fulfillment centers.^MA"
171,"Amazon UK, didn't even know Amazon IT was a thing.",other,1,0.3429,2,"It was Amazon UK, with delivery for Republic of Ireland",@139199 Please reach out to us directly so we can take a closer look: https://t.co/JzP7hlA23B ^BG
171,"Amazon UK, didn't even know Amazon IT was a thing.",other,2,0.3297,2,Didn’t even know that was a thing! The link just went to a customer service page...which section is it under?,@190343 Please select: 1. An order I placed 2. Where's my stuff? &gt; Shipment is late 3. Preferred contact method ^SB
171,"Amazon UK, didn't even know Amazon IT was a thing.",other,3,0.257,1,It is being dispatched by Amazon UK.,@163161 Please reach out to us here via phone or chat: https://t.co/JzP7hlA23B so we can look into this further with you. ^ZW
171,"Amazon UK, didn't even know Amazon IT was a thing.",other,4,0.2458,1,is there a problem with orders shipping from Amazon Uk and Amazon IT? I order since 18 of November and didnt ship yet!,"@140020 I'm sorry for the concern, Michalis! If the item you're ordering is out of stock or unavailable to ship immediately, it may take additional processing time before being shipped: https://t.co/DwaprVnZZA. I hope this is helpful! ^SD"
171,"Amazon UK, didn't even know Amazon IT was a thing.",other,5,0.2298,0,got amazon uk beta code for bf2 and its not working??????,@158255 Sorry to hear this! Please get in touch with EA for assistance with this. ^RL
175,"I have checked, I didnt receive any mail today from social media escalation team.",other,1,0.5439,1,didnt receive any mail.,"@162537 That's strange, kindly check in the spam/junk folders as well. ^MS"
175,"I have checked, I didnt receive any mail today from social media escalation team.",other,2,0.4659,1,The response. From the 'Social Media escalation team',"@183040 Request you to respond to the email correspondence that was sent to you by our team so that we can assist you further, Uday. ^NK"
175,"I have checked, I didnt receive any mail today from social media escalation team.",other,3,0.3736,2,Answer to my questions I sent on mail to Shruthee.. the social media escalation team member.,"@158284 We hate to keep you waiting, Sakshi. As mentioned earlier, we've received your revert and we'll send an update soon. ^MS"
175,"I have checked, I didnt receive any mail today from social media escalation team.",other,4,0.3698,1,Social media escalation team joins the race in providing pathetic service & no resolution competing with ATS and Leadership team.,@186821 I'm sorry about any inconvenience. Could you confirm if you've shared your details in the link provided earlier? ^HD
175,"I have checked, I didnt receive any mail today from social media escalation team.",other,5,0.3498,1,Social media escalation team is sham & ATS team believe themselves as Gods providing fake updates & none to question them,@186821 I understand your concern. Could you please confirm if you had shared the details through the secure link provided earlier? ^AP
46,Nothing that I hadn't received in the last 10 days. How about you at least process refund? Haven't seen a more horrific customer service,refund_or_compensation,1,0.3294,1,Make things alright? Were you guys sleeping in the last 10 days?,@171760 As requested earlier please respond to the e-mail sent by us so that we can look into it. (2/2) ^MV
46,Nothing that I hadn't received in the last 10 days. How about you at least process refund? Haven't seen a more horrific customer service,refund_or_compensation,2,0.2405,1,I have! At least a dozen times in the last few months - just excuses nothing done. another missing order yesterday (of about 10 now),@191262 I'm sorry Ned. What is the current status of that order on the tracking? ^AT
46,Nothing that I hadn't received in the last 10 days. How about you at least process refund? Haven't seen a more horrific customer service,refund_or_compensation,3,0.236,1,How about compensating for the same?,@226258 We do not have a compensation policy. Request you to wait for an update from our team. ^KA
46,Nothing that I hadn't received in the last 10 days. How about you at least process refund? Haven't seen a more horrific customer service,refund_or_compensation,4,0.203,1,hey how about you ship the ones i already ordered 6 weeks ago first,"@133243 Hi Tommy, without going into personal account information can you please tell us more about this. ^HS"
46,Nothing that I hadn't received in the last 10 days. How about you at least process refund? Haven't seen a more horrific customer service,refund_or_compensation,5,0.1994,1,Constantly lately. Out of the last 10 orders only about half showed up on time,"@204937 Do you notice if this happens with a specific carrier? If so, who: https://t.co/3kQwjObgTc ^GM"
67,Hey your app is throwing errors while I try to make the payment. Tried a number of times already!! My orders got cancelled :(,payment_or_billing,1,0.2745,1,The parcel didn't even arrive. Whom do I make the payment to? Ghost?,@183036 and I'll reach out to you with an update soon. 2/2^EM
67,Hey your app is throwing errors while I try to make the payment. Tried a number of times already!! My orders got cancelled :(,payment_or_billing,2,0.1941,1,Mr CB I have already written n number of times and there are no replies yet,@173344 We've haven't received your revert. Kindly revert to the email sent from us and we'll get back to you soon. ^PS
67,Hey your app is throwing errors while I try to make the payment. Tried a number of times already!! My orders got cancelled :(,payment_or_billing,3,0.1925,1,"I can’t DM you my order ID? Strange, have to login to my account & send u details, then that I have already done n number of times via app","@124161 Being Social Media platform, we can't access your account. Please fill in the details in the form provided earlier. ^JS"
67,Hey your app is throwing errors while I try to make the payment. Tried a number of times already!! My orders got cancelled :(,payment_or_billing,4,0.1791,1,No need to re-ship I will buy it offline...at least I will get the item right after I make the payment,@215061 The resolution provided earlier is the best we could offer at this point. ^AH
67,Hey your app is throwing errors while I try to make the payment. Tried a number of times already!! My orders got cancelled :(,payment_or_billing,5,0.1701,1,I have written you people quite a few number of times. But till date there is no final result from Amazon.,@161042 Apologies! We'd like to have a look. Kindly connect with us via chat/call for further clarity on it. ^PB
183,Of course you’ve missed it - that’s how you work and after 20 minutes on live chat you’ve still done nothing - do you take training in,other,1,0.3091,1,Do you have a live chat? :),"@186829 We do! Using ^JR's link, you'll log in, follow the prompts that best fit your issue, and then select the option to chat. ^DW"
183,Of course you’ve missed it - that’s how you work and after 20 minutes on live chat you’ve still done nothing - do you take training in,other,2,0.2981,1,do you take Bitcoin?,@127398 Hi there! That is a great question. Currently Amazon does not accept Bitcoin as a form of currency. We hope this helps! ^JD
183,Of course you’ve missed it - that’s how you work and after 20 minutes on live chat you’ve still done nothing - do you take training in,other,3,0.2474,1,I've had a look but I don't think so unless i've missed it,@219963 What was the estimated delivery date given to you in your confirmation email? What's the status of your order atm: https://t.co/aaDyEzjw8c ?^MA
183,Of course you’ve missed it - that’s how you work and after 20 minutes on live chat you’ve still done nothing - do you take training in,other,4,0.2092,1,Christmas shopping done in 20 minutes. Thanks,@150355 You are most welcome! :)
183,Of course you’ve missed it - that’s how you work and after 20 minutes on live chat you’ve still done nothing - do you take training in,other,5,0.204,1,Do you've any sales lined up for Cameras in the coming days ?,@216148 We currently do not have any update on this. Stay tuned for upcoming sales. ^SM
166,I do not need it anymore now as it is will no longer meet the need it was supposed to. To think your advisers can lie to people and then fob me off is unacceptable.I could have gone out to the chemist or supermarket to buy but stayed home waiting for something that wasn't coming,complaint_or_feedback,1,0.2257,1,how do I cancel my amazon prime account? I don’t use it anymore as no longer need it.,"@123959 You can find information here on how to get this cancelled: https://t.co/zoEiIIan0o 

If you have questions, let us know! ^KN"
166,I do not need it anymore now as it is will no longer meet the need it was supposed to. To think your advisers can lie to people and then fob me off is unacceptable.I could have gone out to the chemist or supermarket to buy but stayed home waiting for something that wasn't coming,complaint_or_feedback,2,0.2138,1,I'm not sure where it is. I'm still waiting for it so i can return it because I don't need it anymore,@127583 What does the tracking info state? You can find that here: https://t.co/Y5jpI9gRhE ^TR
166,I do not need it anymore now as it is will no longer meet the need it was supposed to. To think your advisers can lie to people and then fob me off is unacceptable.I could have gone out to the chemist or supermarket to buy but stayed home waiting for something that wasn't coming,complaint_or_feedback,3,0.1796,1,Lies lies lies - why lie to people? Do you think we are stupid?,@190939 Please go by the delivery date advised on the order or you can cancel if you do not wish to wait for the delivery date.^CD
166,I do not need it anymore now as it is will no longer meet the need it was supposed to. To think your advisers can lie to people and then fob me off is unacceptable.I could have gone out to the chemist or supermarket to buy but stayed home waiting for something that wasn't coming,complaint_or_feedback,4,0.1717,1,I was sent regular emails that it was with the courier and It will be delivered yesterday. That parcel is supposed to be on an international flight now to someone that is sick. The fact that I was lied to and made to wait all day for something that wasn't even out for delivery,"@146420 Hi, I can certainly understand the importance of this parcel. Have we updated the tracking on the parcel ? Will the item still be needed as its arriving late? ^CR"
166,I do not need it anymore now as it is will no longer meet the need it was supposed to. To think your advisers can lie to people and then fob me off is unacceptable.I could have gone out to the chemist or supermarket to buy but stayed home waiting for something that wasn't coming,complaint_or_feedback,5,0.1671,0,Wtf this is unacceptable,"@222886 I'm so sorry for the trouble! We'd like to review this lost order and assist you directly, please reach us via phone or chat using this link: https://t.co/hApLpMlfHN ^JR"
79,Hmmm. So I’ve received an invite for amazon Echo.,technical_issue,1,0.4989,2,how can I get an invite for Amazon Echo. maybe you can help.,@206058 Check this link https://t.co/Yo6lvGW5Cq out for an invitation. You would find it on the right -hand side of the page. ^VM
79,Hmmm. So I’ve received an invite for amazon Echo.,technical_issue,2,0.4113,2,Amazon please give me an invite for Amazon echo Dot or i will start to cry.,"@201848 We send a limited number of invitations each week to customers, so keep an eye on your inbox. ^SQ"
79,Hmmm. So I’ve received an invite for amazon Echo.,technical_issue,3,0.3679,0,Amazon echo 当選した 買った。来た（笑,@145236 ご利用いただきありがとうございます😊SK
79,Hmmm. So I’ve received an invite for amazon Echo.,technical_issue,4,0.3527,1,"Want to try Amazon Echo Dot, have requested an invite. Invite bhej do yaar!!","@120467 We send a limited number of invitations each week to customers, so keep an eye on your inbox. ^ZH"
79,Hmmm. So I’ve received an invite for amazon Echo.,technical_issue,5,0.3458,1,Disappointed that an invite for Echo has still not been sent. :((,"@126724 We send a limited number of invitations each week to customers, so keep an eye on your inbox. ^SV"
187,help. I’m asking for 2 tickets,booking_or_travel,1,0.4302,2,Brighton keeps saying I have exceeded number of tickets. I’m asking for two! Help.,@122227 HI Gary. Please use this link to get in touch and we'll help: https://t.co/JzP7hlA23B ^RL
187,help. I’m asking for 2 tickets,booking_or_travel,2,0.3227,0,can you link me to Kevin bridges tickets on your tickets website pls quick,"@146412 https://t.co/gDP3aQK40G is the website, I could not find any tickets for Kevin Bridges."
187,help. I’m asking for 2 tickets,booking_or_travel,3,0.3063,1,When I was asking for help so decently then nobody came up to help me so y now. Fulfill my requirements,@178550 I'll surely pass on your feedback to the concerned team internally. ^HN
187,help. I’m asking for 2 tickets,booking_or_travel,4,0.2901,1,I sent a message this morning via Amazon's help page asking for help via email. I'm still waiting for a response.,"@207730 For the fastest resolution, contact us using the link ^SB sent and choose the chat or phone option in step 3. ^NC"
187,help. I’m asking for 2 tickets,booking_or_travel,5,0.2851,1,I have not received my product as of now but you guys are asking for my experience.. Here I am fighting for my and you are asking for my experience..,"@145395 I understand your concern. This is a automated email. You may share your feedback, once you've received your order. Please do keep us posted for any further assistance. ^SV"
178,u only know copy and paste the line to satisfy customer from last 24hr u only saying u are working on it,other,1,0.2396,1,Yes you are working on it. I am asking what is all that you are working? What steps are you taking? That is all I am asking .,@134321 Apologies for the stretch with regards to your order. Kindly request you to respond to our correspondence you have received. We'd be glad to assist you. ^JS
178,u only know copy and paste the line to satisfy customer from last 24hr u only saying u are working on it,other,2,0.2327,1,Any update. Almost 1 months gone. I don't think you are working on it. i think you are w8ing for 1 year completion .,@207926 We have received your reply. We will check and connect with you accordingly. ^RW
178,u only know copy and paste the line to satisfy customer from last 24hr u only saying u are working on it,other,3,0.2167,1,"I've already filled it twice , please don't copy and paste same message #NotAGreatIndianSale","@192047 If you've shared your details, we'll check and get back to you at the earliest. ^HA"
178,u only know copy and paste the line to satisfy customer from last 24hr u only saying u are working on it,other,4,0.1953,1,I think I am talking with ROBOT..only copy paste line I received.. my biggest mistake to purchase from #Amazon ..,"@120933 I do get your concern Aman, please respond to the email you've received from us and we'll check this for you. ^HN"
178,u only know copy and paste the line to satisfy customer from last 24hr u only saying u are working on it,other,5,0.1905,1,Tell me clearly. Is issue ko solve karne bhi vaale ho ya ye plan bnaya hua Hai ki baar baar yehi reply Dena ki we are working on it.,@134321 I realize this is taking longer than expected. Kindly reply to the email sent by our team and we'll respond to it with an update on your concern. ^MO
57,"You told that it was bcoz of limited stock, u should check stick b4 payment",payment_or_billing,1,0.1949,1,Appreciate if u could solve the issue today ?? I lost my patience bcoz of ur Amazon home services team.,@183298 You'll receive a correspondence from us soon. Kindly wait. ^HD
57,"You told that it was bcoz of limited stock, u should check stick b4 payment",payment_or_billing,2,0.18,1,Sent all communication to you on 9th & was told that it will be done ASAP. See all communication sent to you.,@206187 Did you receive any e-mail response from us? ^BM
57,"You told that it was bcoz of limited stock, u should check stick b4 payment",payment_or_billing,3,0.1753,1,How much that stick,"@177333 It's currently available at discounted price of Rs. 3,499. Click here: https://t.co/aaS2BLdkpV for more info. ^HD"
57,"You told that it was bcoz of limited stock, u should check stick b4 payment",payment_or_billing,4,0.173,1,It was from Amazon directly. Out of stock now.,"@190976 Thanks for confirming Anthony- Can you please get in contact with us directly via:https://t.co/00XZezvzhp Thanks, ^NV"
57,"You told that it was bcoz of limited stock, u should check stick b4 payment",payment_or_billing,5,0.172,1,Just been told that it’s not in stock and not to expect it in stock again. Absolute joke. Could have told me that prior to release date. Wasted a holiday to play snd now have to spend more as it’s st least £20 more elsewhere,"@226917 Hello Mark, you shouldn't have received an update like that if you already ordered it. Please contact us here: https://t.co/JzP7hlA23B. We can investigate this further. ^HS"
153,I have called amazon thrice in the last 12 hours and there has been no resolution . This is ridiculous .,complaint_or_feedback,1,0.2498,1,"There has been no action from your end,also my package should have been delivered first thing in the morning.",@195058 Apologies for the trouble you've had with the order. Could you confirm if you've filled in your details as asked earlier? ^MM
153,I have called amazon thrice in the last 12 hours and there has been no resolution . This is ridiculous .,complaint_or_feedback,2,0.2271,1,There has been no email or call from your End. Spam was also checked regularly,@226840 That's unusual. I request you to share your details in the link provided earlier and we'll check it. Kindly do as requested as we cannot access your amazon account from social media. ^NR
153,I have called amazon thrice in the last 12 hours and there has been no resolution . This is ridiculous .,complaint_or_feedback,3,0.2159,1,Please read the series of tweets and note. There has been no follow up,@182810 Apologies for the stretch. Please respond to the email sent by our team and we'll get back to you soon.^SU
153,I have called amazon thrice in the last 12 hours and there has been no resolution . This is ridiculous .,complaint_or_feedback,4,0.2055,1,"Hi, order number #403-7377624-0138707, was to be delivered on the 9th. However, there has been no update. Please check.","@215426 Also, please don't provide your order/account details as we consider them to be personal information. ^HK"
153,I have called amazon thrice in the last 12 hours and there has been no resolution . This is ridiculous .,complaint_or_feedback,5,0.2044,1,Amazon has been creating lot of problems and still there is no resolution,@171436 We have sent a correspondence to your registered e-mail id. Please keep us posted if your issue is still unresolved. ^RD
83,is there a prob with your app on smart TVs? 2 days and still not working 😩,technical_issue,1,0.3712,1,It's still not working,@218357 Please reach out to us directly for some real time troubleshooting here: https://t.co/hApLpMlfHN. ^CE
83,is there a prob with your app on smart TVs? 2 days and still not working 😩,technical_issue,2,0.2914,1,"Now we're getting ""low bandwidth"" messages on the Amazon Video app, but again not on anything else. Help, ! There's clearly something funky with your app on TVs",@142554 Please reach out to us here with the provided link so we may look into this further: https://t.co/JzP7hlA23B ^CR
83,is there a prob with your app on smart TVs? 2 days and still not working 😩,technical_issue,3,0.2785,1,"Hi, thanks. Nope still not working.","@148037 We'd like to try some real-time troubleshooting over the phone. At your earliest convenience, please request a callback here: https://t.co/AQaDoISPyr ^NC"
83,is there a prob with your app on smart TVs? 2 days and still not working 😩,technical_issue,4,0.2474,1,WHY IS MY NOT WORKING?!,@180539 Thanks for reaching out. Can you tell me a bit more about the issue you're experiencing? ^GG
83,is there a prob with your app on smart TVs? 2 days and still not working 😩,technical_issue,5,0.2335,1,And still not received today,@218229 We'd like to take a closer look into this for you. Please reach out to us by phone at this link: https://t.co/JzP7hlA23B ^VS
69,reg. Ord 404-7091504-9405917. You should have alerted me regarding the deduction to my Amazon Pay Balance before doing so. #sucks,payment_or_billing,1,0.32,1,please update my Amazon pay balance..,@202278 I'm sorry but I didn't understand that. Could you please elaborate on this. ^HA
69,reg. Ord 404-7091504-9405917. You should have alerted me regarding the deduction to my Amazon Pay Balance before doing so. #sucks,payment_or_billing,2,0.2851,2,"well,if you can not transfer my amazon pay balance to my bank account , then kindly credit back my bucks in the amazon pay balance.",@191092 Sorry for the situation. Please connect with us here: https://t.co/00q4Sqj9zL and we'll have this issue checked. ^KA
69,reg. Ord 404-7091504-9405917. You should have alerted me regarding the deduction to my Amazon Pay Balance before doing so. #sucks,payment_or_billing,3,0.2455,1,I should have got a 5% cash back into my Amazon Pay Balance for Order# 171-5546134-2977952 I placed yesterday but did not. Why?,"@122218 Please don't provide your order details, we consider it to be personal information. Our page is visible to the public. 2/2 ^VH"
69,reg. Ord 404-7091504-9405917. You should have alerted me regarding the deduction to my Amazon Pay Balance before doing so. #sucks,payment_or_billing,4,0.2332,1,You should have a compensate policy with you guys,"@182219 I'll forward your feedback to the appropriate team internally, Shubham. ^NK"
69,reg. Ord 404-7091504-9405917. You should have alerted me regarding the deduction to my Amazon Pay Balance before doing so. #sucks,payment_or_billing,5,0.2307,1,How to buy a product using Amazon pay balance?,@169673 Kindly get in touch with us here: https://t.co/8oyYDT1CuZ and we’ll be glad to help you. ^AG
125,"what order lmao, there's no beef available on the site",product_or_service_info,1,0.4405,1,Phantom's available on ?,"@211501 Sorry, I was unable to comprehend your concern. Could you elaborate on it? ^MA"
125,"what order lmao, there's no beef available on the site",product_or_service_info,2,0.3202,1,is services available on ehco dot??,"@119699 Echo lets you play music from services like Amazon Prime Music, Saavn and TuneIn. ^GK"
125,"what order lmao, there's no beef available on the site",product_or_service_info,3,0.2961,1,where can I direct my beef with the lack of beef 🤔,@170301 Please use this link to contact the Prime Now team: https://t.co/NlJqB2FK4n    ^TD
125,"what order lmao, there's no beef available on the site",product_or_service_info,4,0.2673,1,"Your return authorization, return mailing label and acknowledgement letter not available on the site.. Also how do I pack the return packet","@158261 Choose Reason &gt; Choose Issue &gt; Choose the mode of contact phone, e-mail or chat. (2/2) ^GK"
125,"what order lmao, there's no beef available on the site",product_or_service_info,5,0.2358,1,"why can't I order frozen ground beef on in san francisco I can order ground turkey, but not beef? or anything else?","@170301 Hey, what happens when you try to place the order? ^RS"
17,disappoints again. Received text that groceries were delivered but they weren’t (prob wrong house). And they can’t re-deliver 😩,delivery_or_delay,1,0.2572,1,I was alerted that my packages were delivered but they are nowhere to be found. Help!,@221860 I'm so sorry for the difficulty! What does the tracking information say who the carrier is here: https://t.co/Y5jpI9gRhE? ^MH
17,disappoints again. Received text that groceries were delivered but they weren’t (prob wrong house). And they can’t re-deliver 😩,delivery_or_delay,2,0.2386,1,Today again I received wrong item : 403-3179435-0953905,@216401 provide your order/account details as we consider them to be personal info. Our page is visible to the public. [2/2] ^NS
17,disappoints again. Received text that groceries were delivered but they weren’t (prob wrong house). And they can’t re-deliver 😩,delivery_or_delay,3,0.2344,1,Hi can you give a kick. They’ve delivered by Prime order to the wrong house and didn’t respond.,"@154652 I'm sorry you have yet to receive your order, Sanjay! Have you been able to reach out to us here: https://t.co/JzP7hlA23B? If so, what options or information has been provided to you? ^JP"
17,disappoints again. Received text that groceries were delivered but they weren’t (prob wrong house). And they can’t re-deliver 😩,delivery_or_delay,4,0.2209,1,Again received email from your side it is delivered but it's not. Pathetic.,"@192063 I understand and I'm sorry about the status. Have you shared your details as requested? If not, please do so. ^HA"
17,disappoints again. Received text that groceries were delivered but they weren’t (prob wrong house). And they can’t re-deliver 😩,delivery_or_delay,5,0.1975,1,"No it wasn’t, says they were delivered together","@188009 Sorry, please contact us here: https://t.co/hApLpMlfHN so an agent can look into this for you. ^JJ"
149,Bitter experience with bcoz of which i missed oneplus5T .Very poor service,complaint_or_feedback,1,0.4404,1,very poor service Amazon,@174955 Kindly share your details using the link we had shared. We'll help you. ^CB
149,Bitter experience with bcoz of which i missed oneplus5T .Very poor service,complaint_or_feedback,2,0.3396,1,It's 2 pieces Fastrack wrist band. Very poor service by,"@167356 Certainly not what we intended, Mihir. I hope you've filled in the details in the link provided earlier. ^JC"
149,Bitter experience with bcoz of which i missed oneplus5T .Very poor service,complaint_or_feedback,3,0.331,1,very poor customer service 😡,@190898 My apologies for the ill experience. We're following up with your concern via DM. ^HA
149,Bitter experience with bcoz of which i missed oneplus5T .Very poor service,complaint_or_feedback,4,0.3255,1,very poor service in Amazon my Amazon number 9797526413,@206023 provide your account details as we consider them to be personal information. Our Twitter page is visible to public. 2/2^SB
149,Bitter experience with bcoz of which i missed oneplus5T .Very poor service,complaint_or_feedback,5,0.2973,1,Delivery service is very poor,"@158463 Sorry to know about the delivery issue. As soon as we receive your details in the link shared above, we'll reach out. ^KA"
94,my frnd got an invite for Amazon Echo....can I book echo for me using his invite? Because I cannot book using his invite. Help.,technical_issue,1,0.4841,1,how can I get an invite for Amazon Echo. maybe you can help.,@206058 Check this link https://t.co/Yo6lvGW5Cq out for an invitation. You would find it on the right -hand side of the page. ^VM
94,my frnd got an invite for Amazon Echo....can I book echo for me using his invite? Because I cannot book using his invite. Help.,technical_issue,2,0.3769,2,Amazon please give me an invite for Amazon echo Dot or i will start to cry.,"@201848 We send a limited number of invitations each week to customers, so keep an eye on your inbox. ^SQ"
94,my frnd got an invite for Amazon Echo....can I book echo for me using his invite? Because I cannot book using his invite. Help.,technical_issue,3,0.374,1,"Want to try Amazon Echo Dot, have requested an invite. Invite bhej do yaar!!","@120467 We send a limited number of invitations each week to customers, so keep an eye on your inbox. ^ZH"
94,my frnd got an invite for Amazon Echo....can I book echo for me using his invite? Because I cannot book using his invite. Help.,technical_issue,4,0.3376,1,When can i expect an invite ?,"@182311 We send a limited number of invitations each week to customers, so keep an eye on your inbox. ^KA"
94,my frnd got an invite for Amazon Echo....can I book echo for me using his invite? Because I cannot book using his invite. Help.,technical_issue,5,0.3373,1,Disappointed that an invite for Echo has still not been sent. :((,"@126724 We send a limited number of invitations each week to customers, so keep an eye on your inbox. ^SV"
66,Now if my #prime fees aren’t due until the 22nd why would they suspend my membership TODAY? What’s with these companies?💩🤢,payment_or_billing,1,0.2198,1,They never came on the 22nd nor today the 24th,@164628 That's odd! We'd like to help further! Could you confirm the delivery date of the package as well as the current tracking status? You can find that info here: https://t.co/Y5jpI9gRhE ^HM
66,Now if my #prime fees aren’t due until the 22nd why would they suspend my membership TODAY? What’s with these companies?💩🤢,payment_or_billing,2,0.169,1,Current #firstWorldProblem is a computer I bought from off that was supposed to show up on the 22nd and now I see it won't arrive until the 27th. So much for breaking it in over the weekend.,"@157512 Oh no! I'm sorry you're experiencing a delivery delay! Keep us posted, we want to know it arrived on or before your new delivery date. ^EA"
66,Now if my #prime fees aren’t due until the 22nd why would they suspend my membership TODAY? What’s with these companies?💩🤢,payment_or_billing,3,0.167,1,What's with all the shipping delays?,"@137594 Hi, Ali! Without revealing any personal or account info, could you please let us know what's going on? ^RB"
66,Now if my #prime fees aren’t due until the 22nd why would they suspend my membership TODAY? What’s with these companies?💩🤢,payment_or_billing,4,0.1663,0,"how to stop my prime membership, since i was scammed and you do nothing to me, i need to cancel my membership.",@120322 Which Amazon website did this happen on? ^KM
66,Now if my #prime fees aren’t due until the 22nd why would they suspend my membership TODAY? What’s with these companies?💩🤢,payment_or_billing,5,0.1661,1,"Ummm , why would these two vibrators be added accessories for my T-Outliner trimmer replacement blade?",@129779 Thank you for letting us know. We have reported this to the proper team. ^CO
61,Can you please PM me I have a problem with my kindle fire it won't start up but it's fully charged :(,payment_or_billing,1,0.3126,1,"I have a problem with my order,can you able to resolve it?",@205263 Please let us know what went wrong and we'll be happy to help. ^SH
61,Can you please PM me I have a problem with my kindle fire it won't start up but it's fully charged :(,payment_or_billing,2,0.2644,1,can you please with my query above,@176518 Please contact us directly here: https://t.co/JzP7hlA23B and we can look into this further. ^PK
61,Can you please PM me I have a problem with my kindle fire it won't start up but it's fully charged :(,payment_or_billing,3,0.2524,1,Why has Skype suddenly stopped working on my kindle fire please?,"@197573 I'm sorry for any inconveniences, Dave. Have you tried uninstalling and re-installing the app on your Kindle? ^SK"
61,Can you please PM me I have a problem with my kindle fire it won't start up but it's fully charged :(,payment_or_billing,4,0.2455,1,can you please help,"@186977 Of course! Without sharing account or order details, will you tell us how we can assist you today? ^DW"
61,Can you please PM me I have a problem with my kindle fire it won't start up but it's fully charged :(,payment_or_billing,5,0.2388,1,my daughter has a Kindle Fire 7 & is trying to lay down & read a book but it keeps rotating can you help?,@218642 Frustrating! Let's try to turn off auto-rotation here: https://t.co/KXDtNQJfSg ^CS
85,Currently trying to figure out why my computer at work won’t load Amazon Prime Video???,technical_issue,1,0.3581,2,I'm trying to figure out why do I PAY for amazon prime and 2 items I ordered a WEEK ago haven't arrived and I was supposed to receive in 2 days 😡😡,"@207570 I'm sorry for the trouble, Jonique! Have we missed the estimated delivery date provided at checkout/in your e-mail? ^FD"
85,Currently trying to figure out why my computer at work won’t load Amazon Prime Video???,technical_issue,2,0.311,1,order placed 11 p.m. Monday night 6:30 Saturday morning still trying to figure out Bank stuff #notsmart,"@192708 Sorry, can you tell us a bit more about the issue without sharing any personal or account info? ^JJ"
85,Currently trying to figure out why my computer at work won’t load Amazon Prime Video???,technical_issue,3,0.2986,1,I would like to speak to someone on the phone to figure out why I can't sign in.,"@215663 Hi Tom, please reach out to us here: https://t.co/JzP7hlA23B we'll help ^AS"
85,Currently trying to figure out why my computer at work won’t load Amazon Prime Video???,technical_issue,4,0.28,1,Trying to figure out how to get support for my son kindle fire kids edition.,"@202608 We'd like to help! Without providing account info, can you tell us more about the problem? ^WT"
85,Currently trying to figure out why my computer at work won’t load Amazon Prime Video???,technical_issue,5,0.2643,1,does Saturday not count as a day anymore? Trying to figure out how something ordered today w 2 day Shipping won’t be here until Monday...4 days from now.,@134792 I'm so sorry! Some items take a little longer to process than others. We aim to deliver by the date given in your order confirmation e-mail. Please let us know if you don't get your order by then! ^TK
68,Just ordered One plus 5t. Please get in touch with me. There is an issue with the payment option. Order no: 171-3942478-2297142,payment_or_billing,1,0.2862,1,Please get in touch with ATS for priority delivery. It's a replacement and needed urgently.,"@169995 Replacement order will be dispatched on standard delivery method only, kindly wait till the speculated time. ^MJ"
68,Just ordered One plus 5t. Please get in touch with me. There is an issue with the payment option. Order no: 171-3942478-2297142,payment_or_billing,2,0.2798,1,I ordered one plus 5 instead of plus 5t by mistake. Can you please take back my order I want One plus 5t... My previous phone got stolen from dadar station. I had saved all my money for 5t and I m getting 5. Please help me... I want 5t,"@220247 I understand your concern. In case, the order is not delivered, you may request to cancel the order and place a new order for oneplus 5t. For further concerns please contact our support team here: https://t.co/vlvfJrlYEH. ^BS"
68,Just ordered One plus 5t. Please get in touch with me. There is an issue with the payment option. Order no: 171-3942478-2297142,payment_or_billing,3,0.2737,1,I haven't been able to get in touch with them,@160537 I do apologize about the delay! Please let us know if you do not receive the shipment tomorrow! ^TR
68,Just ordered One plus 5t. Please get in touch with me. There is an issue with the payment option. Order no: 171-3942478-2297142,payment_or_billing,4,0.2698,1,your customer service sucks.. there is no way i can get in touch with you'll.. #AmazonGreatIndianFestival,"@170833 Sorry to know that, you can reach out to us via phone, chat or email using the link here: https://t.co/qWSC0jKBRG. ^PS"
68,Just ordered One plus 5t. Please get in touch with me. There is an issue with the payment option. Order no: 171-3942478-2297142,payment_or_billing,5,0.2627,1,I purchased this frame last week (order no 204-9478442-026595000) and it has broken immediately upon arrival. Please get in touch re a refund.,@220252 I'm very sorry that your item broke upon arrival! Please reach out to us here: https://t.co/JzP7hlA23B so we can go over your options with you. ^AH
126,Hey till when is your exchange offer on electronics on till?,product_or_service_info,1,0.3222,1,why not exchange offer other area pincode.492001,@170803 we are continuously working to expand our Exchange Offer selection.2/2 ^SB
126,Hey till when is your exchange offer on electronics on till?,product_or_service_info,2,0.2912,1,Exchange offer ke 1006 rs milenge kaise? Aapka customer care khud confuse hai...,"@169759 I'd like to take a closer look into this, please share your details on the link here: https://t.co/cllwXc2HeK. ^PS"
126,Hey till when is your exchange offer on electronics on till?,product_or_service_info,3,0.2691,1,"Are we going to have exchange offer today on ? Please keep, i wanna buy #OnePlus5t with exchange.. #OnePlus5TLaunch #OnePlusPopUp","@143958 We don't have an announcement on this yet, Ketan. Request you to check the availability of exchange option while placing the order. ^MK"
126,Hey till when is your exchange offer on electronics on till?,product_or_service_info,4,0.2555,1,Is the 8000 cashback offer on iphone 8 still available...,@146431 All the applicable promotions and offers will be mentioned on the product details page. Please check for the same. ^AP
126,Hey till when is your exchange offer on electronics on till?,product_or_service_info,5,0.2509,1,100% Cashback and iPhone8 offer on recharge is App only offer or website offer also,"@176235 While we do have promotions on the website and app, there are certain app exclusive promotions too. ^MS"
133,"ibwz tryng 2 pik dis deal,bt m getting extra 1k exchange nly in spite of 2k. So wts actually offer. Plz explain",product_or_service_info,1,0.3453,1,Sir In spite of repeated reminder to Amazon for sales promotion offer falls on deaf ears.,"@190854 We apologize for this. We’d like to assist you, please fill this form: https://t.co/beaaDm0muc and we'll resolve it.^RS"
133,"ibwz tryng 2 pik dis deal,bt m getting extra 1k exchange nly in spite of 2k. So wts actually offer. Plz explain",product_or_service_info,2,0.2872,1,"I'm facing issue linking my kindle edition to print version. In spite of many emails, it's not getting resolved. What can I do?","@159200 here: https://t.co/beaaDm0muc, we'll get back to you soon. (2/2)^AP"
133,"ibwz tryng 2 pik dis deal,bt m getting extra 1k exchange nly in spite of 2k. So wts actually offer. Plz explain",product_or_service_info,3,0.2547,1,WORST CUSTOMER SERVICE AMAZON INDIA Order #171-7608331-2267505 not able to solve the problem in spite of repeated requests.,"@199334 Please don't provide your order details, we consider it personal information. Our Twitter page is visible to public. ^HA"
133,"ibwz tryng 2 pik dis deal,bt m getting extra 1k exchange nly in spite of 2k. So wts actually offer. Plz explain",product_or_service_info,4,0.2462,1,Horrible service ! Ordered for Cot 2weeks ago.Nobody came for installation yet in spite of 10-12 calls. HELP,@183298 We're following up with your concern here: https://t.co/IJFvRZsbKe. Please refer. ^VN
133,"ibwz tryng 2 pik dis deal,bt m getting extra 1k exchange nly in spite of 2k. So wts actually offer. Plz explain",product_or_service_info,5,0.2462,1,Horrible service ! . Ordered for Cot 2weeks ago.Nobody came for installation yet in spite of 10-12 calls. HELP !!!,@183298 I’d like to understand this better. Please fill this form: https://t.co/beaaDm0muc and I’ll contact you at the earliest. ^RD
10,"Sort it out please, I don't pay the subscription fee to have my parcels left where anyone could steal them.",delivery_or_delay,1,0.2639,1,pfft still waiting for my copy. Sort it out,@186454 Have we missed a delivery date? ^TR
10,"Sort it out please, I don't pay the subscription fee to have my parcels left where anyone could steal them.",delivery_or_delay,2,0.2596,1,Plz sort it out asap.... m begging u,@203470 We're on it! Please reply to the correspondence from Social Media team so that we can sort this soon for you. ^VN
10,"Sort it out please, I don't pay the subscription fee to have my parcels left where anyone could steal them.",delivery_or_delay,3,0.2557,1,hey I don’t pay for Prime 2 day shipping to have my packages delayed ☹️,"@137583 Hi Madison, without going into personal account info can you tell us more about this please? ^HS"
10,"Sort it out please, I don't pay the subscription fee to have my parcels left where anyone could steal them.",delivery_or_delay,4,0.2426,1,Just sort it out for future please I never want to have such shoddy service again,"@147579 Absolutely understandable and thank you for sharing your thoughts. If there's anything we can do going forward, please let us know! ^KN"
10,"Sort it out please, I don't pay the subscription fee to have my parcels left where anyone could steal them.",delivery_or_delay,5,0.2346,1,"I'm having problems with my order, could you sort it out",@207115 I'm sorry that you are facing an issue with one of your orders. Please reach out to our support team (1/2) ^AM
19,paid 4 nextday delivery only 2 b told after notifications all day saying that they r delivering 2day only 2 b told they cant deliv,delivery_or_delay,1,0.2668,1,Yes they told they cant do anything in this matter. Just tell me the product will be delivered or not??,@162536 along your comments to ensure necessary actions are taken to avoid similar instances in the future. 2/2 ^GK
19,paid 4 nextday delivery only 2 b told after notifications all day saying that they r delivering 2day only 2 b told they cant deliv,delivery_or_delay,2,0.2217,1,"I've called already, was told they can't help me today.",@179371 What options were we able to provide you once you contacted us? ^WM
19,paid 4 nextday delivery only 2 b told after notifications all day saying that they r delivering 2day only 2 b told they cant deliv,delivery_or_delay,3,0.2033,1,last Saturday they told they will replace my bag n still no one came 🙁,@220275 Apologies for the delay. May I know if you have contacted our support team from the link provided via DM? ^BS
19,paid 4 nextday delivery only 2 b told after notifications all day saying that they r delivering 2day only 2 b told they cant deliv,delivery_or_delay,4,0.1893,1,Better you replace all human being from your call center and put robot there as no point talking to them as they told me they cant help 1/2,@200258 Apologies for this ordeal. Let me take a closer look. Please share your details here: https://t.co/GIJyeYqKE0. ^HD
19,paid 4 nextday delivery only 2 b told after notifications all day saying that they r delivering 2day only 2 b told they cant deliv,delivery_or_delay,5,0.1785,1,the call to customer care disconnects saying that they could not find my order (automated voice),@209757 Please connect with the support team from here: https://t.co/vlvfJr4nN9. At the page you can skip the reason for contact. ^HA
56,What is this ? The #GST charged by you on which price !!! cont... 2/1,payment_or_billing,1,0.3884,1,What is this ?,@158923 Sorry for the trouble you've had with the pick up. Kindly fill in your details here: https://t.co/GIJyeYqKE0 &amp; I'll help you. ^MM
56,What is this ? The #GST charged by you on which price !!! cont... 2/1,payment_or_billing,2,0.3712,2,Then what is this ? The way to making #GST as horrible !,@158923 Sorry for the trouble. Kindly report this to our support team here: https://t.co/vlvfJr4nN9 and we'll check this. ^HN
56,What is this ? The #GST charged by you on which price !!! cont... 2/1,payment_or_billing,3,0.3121,1,WHAT IS THIS HELL I’M IN 😡,@205131 Oh no! Have you tried deleting the app and then reinstalling it? Here are some more helpful options: https://t.co/RIrGDbQ8PM ^GM
56,What is this ? The #GST charged by you on which price !!! cont... 2/1,payment_or_billing,4,0.2348,1,"What is this ?? Is this the way you treat your customers?? Seriously, I want an answer from you","@118924 don't provide your order details, as we consider it to be personal information. Our Twitter page is public. 4/4​ ^EM"
56,What is this ? The #GST charged by you on which price !!! cont... 2/1,payment_or_billing,5,0.2325,1,Is this the only solution do you have?,"@210304 We'll need your details through the link shared earlier, to take a closer look into your concern and help. ^MA"
76,I have £173.94 of pending transactions currently waiting to be paid to amazon. I have only ordered about £127 of stuff and I was told the transactions would clear and the extra payments would be cancelled when I received the order. I sent two emails regarding this and got 1 back.,payment_or_billing,1,0.23,1,The only email I have received said that the money that was ‘pending’ would be taken out or would be cancelled when I received my order but it hasn’t so I still have almost £200 pending and don’t know if the payments are coming or going over a week after I got the first delivery,@131415 I am sorry to hear this Lois. Can you please contact us through the following link so we can investigate this for you and we will also look to see can we change the delivery method for you: https://t.co/JzP7hlA23B.^GA
76,I have £173.94 of pending transactions currently waiting to be paid to amazon. I have only ordered about £127 of stuff and I was told the transactions would clear and the extra payments would be cancelled when I received the order. I sent two emails regarding this and got 1 back.,payment_or_billing,2,0.1772,1,A call back would be preferable!,"@131820 Sure! Once we receive your email, we'll contact you right away. Appreciate your patience. ^HS"
76,I have £173.94 of pending transactions currently waiting to be paid to amazon. I have only ordered about £127 of stuff and I was told the transactions would clear and the extra payments would be cancelled when I received the order. I sent two emails regarding this and got 1 back.,payment_or_billing,3,0.1648,1,I’d rather the order just be cancelled so I don’t have the extra hassle of returning items because they didn’t arrive on time. That’s a waste of my time.,"@131776 We have no access to your account or orders through social media. If you haven't done so already, please reach us directly via the ^HS provided so we may look into available options for you. ^BV"
76,I have £173.94 of pending transactions currently waiting to be paid to amazon. I have only ordered about £127 of stuff and I was told the transactions would clear and the extra payments would be cancelled when I received the order. I sent two emails regarding this and got 1 back.,payment_or_billing,4,0.1616,1,I ordered a 6x8 cheese grater and I GOT THIS?,@180627 Oh no! I'm sorry it's so much smaller than expected. You can find return options here: https://t.co/RnsTrmvlBG ^JN
76,I have £173.94 of pending transactions currently waiting to be paid to amazon. I have only ordered about £127 of stuff and I was told the transactions would clear and the extra payments would be cancelled when I received the order. I sent two emails regarding this and got 1 back.,payment_or_billing,5,0.1555,1,I just sent two DMs,@182212 Thank you for reaching out. I've responded to the DM you sent to us. ^GR
151,pathetic service i am not happy with your service inspite i am prime user of Amazon service.,complaint_or_feedback,1,0.3306,2,"thank you for reply. Thank for your service 🙏🙏🙏 I think it enough, Most happy with your service.","@147824 We'd like to help you, unfortunately we'd not be able to check/access your account until the details are provided through the link. I'm sorry, we'd not be able to offer any additional insight in this matter. Appreciate your understanding. ^EM"
151,pathetic service i am not happy with your service inspite i am prime user of Amazon service.,complaint_or_feedback,2,0.2803,2,I always happy with Amazon customer service,"@158408 I'd say we've accomplished what we always strive for, thank you for sharing this with us. Cheers! 😎 ^MA"
151,pathetic service i am not happy with your service inspite i am prime user of Amazon service.,complaint_or_feedback,3,0.2803,2,I have reported all 4 times . But today I faced 4th such instance. Please improve your service. I am a Prime Member.,@206133 Report this in the link shared above &amp; necessary actions will be taken to make things right. 2/2 ^MJ
151,pathetic service i am not happy with your service inspite i am prime user of Amazon service.,complaint_or_feedback,4,0.2688,1,Pathetic service level of amazon,@123971 provided earlier? 2/2 ^KH
151,pathetic service i am not happy with your service inspite i am prime user of Amazon service.,complaint_or_feedback,5,0.2653,1,Unhappy with your service 😔,@201075 Sorry for the unpleasant experience. Please let us know what went wrong so that we can assist you accordingly. ^SH
105,Lost my 2FA device. But the alternative login page gives a 404. So I’m locked out :(,account_or_access,1,0.296,1,gives a 404. This is urgent!!!,@219367 What browser are you using?^CD
105,Lost my 2FA device. But the alternative login page gives a 404. So I’m locked out :(,account_or_access,2,0.2719,1,I have lost my pffer right,@206022 A cancelled order is followed up with an email explaining the reason. Please refer the same. ^HK
105,Lost my 2FA device. But the alternative login page gives a 404. So I’m locked out :(,account_or_access,3,0.2529,1,"Also gives a 404 on Safari, on a Mac and on a mobile device.",@219367 Please call us on the number found via this link: https://t.co/jzvkhdlrK5. (No log in required). ^JJ
105,Lost my 2FA device. But the alternative login page gives a 404. So I’m locked out :(,account_or_access,4,0.229,1,"Amazon lost my package, i lost my apple watch band and nike shorts... i just cant win",@225396 I'm so sorry that you haven't received your package! Have you reached out to us to see if we can send you a replacement or refund? ^TN
105,Lost my 2FA device. But the alternative login page gives a 404. So I’m locked out :(,account_or_access,5,0.2236,1,I am locked out of my account so I can’t log into that. What now?,"@189283 No worries, Tristan! Please use the skip sign in option below the yellow sign in bar. ^ML"
136,I have raised a complaint today evening 👍 any cash back offers for jio/airtel users on upgrading to Amazon prime account. ?,product_or_service_info,1,0.3135,1,Any exchange offers for oneplus5,"@147314 Considering that One plus 5T in on flash sale, we do not have any information regarding the availability of exchange option. ^KA"
136,I have raised a complaint today evening 👍 any cash back offers for jio/airtel users on upgrading to Amazon prime account. ?,product_or_service_info,2,0.2353,1,Naa Amazon cash back coupon code raledu mee company nundi 😠,@158272 Could you please tell me which cash back you are referring to so that I can check it ? ^AU
136,I have raised a complaint today evening 👍 any cash back offers for jio/airtel users on upgrading to Amazon prime account. ?,product_or_service_info,3,0.2222,1,"Funny!Yesterday prime account activation was rs499 , today 999 with 500 cash back into amazon pay . Creepy offer for intense user","@120224 Umm.. creepy, not sure. The offer was rolled out keeping in mind the benefit of our existing customers. Enjoy! ^AB"
136,I have raised a complaint today evening 👍 any cash back offers for jio/airtel users on upgrading to Amazon prime account. ?,product_or_service_info,4,0.2087,1,"sir jb aap sabhi customers k liye POS machine available nhi karwa sakte h,to phir cash back OFFERS launch mat kijiye.",@192283 This will be heard internally as feedback for improvements. 2/2 ^MJ
136,I have raised a complaint today evening 👍 any cash back offers for jio/airtel users on upgrading to Amazon prime account. ?,product_or_service_info,5,0.2027,1,i didn't got cash back till now,"@209572 I'm sorry you've not received the cashback for the order. Please share the relevant details here: https://t.co/beaaDm0muc we'll look into it and reach out to you. Also, please don't provide your order details, as we consider it to be personal information. ^AP"
138,I sent an email Though I dont understand why I had to cuz all I want to do is turn off advertisements & promos on my lock screen,product_or_service_info,1,0.4563,1,How do I turn lock-screen advertisements off?,@172620 Please reach out here so we can look into this for you  https://t.co/hApLpMlfHN ^KM
138,I sent an email Though I dont understand why I had to cuz all I want to do is turn off advertisements & promos on my lock screen,product_or_service_info,2,0.3205,1,thanks. I sent an email,@155864 Thanks for letting us know! Please keep us updated on the outcome! ^LR
138,I sent an email Though I dont understand why I had to cuz all I want to do is turn off advertisements & promos on my lock screen,product_or_service_info,3,0.3205,1,"Thanks, I sent an email.",@200426 Thank you. You can expect a reply shortly. ^MG
138,I sent an email Though I dont understand why I had to cuz all I want to do is turn off advertisements & promos on my lock screen,product_or_service_info,4,0.2677,1,All I want to do is sit and chill and read book but have delayed the delivery until apparently Tuesday #angry,"@176751 Hey there, Stevie! I'm terribly sorry the delay has occurred. Any reason on tracking given here: https://t.co/aaDyEz1VgE ^TM"
138,I sent an email Though I dont understand why I had to cuz all I want to do is turn off advertisements & promos on my lock screen,product_or_service_info,5,0.2655,1,i dont understand why your supervisor provide me wrong details,"@192049 I'm sorry, could you please elaborate on your concern? We'd like to check it. ^HD"
165,I’ve been very disappointed with the past year or so. I keep getting my prime orders late. I just had to cancel another late order because it’s not going to be here in time for my work’s donation to the . I ordered it a week in advance.,complaint_or_feedback,1,0.2949,1,We’ve just had to cancel the order as it wouldn’t be here in time.,@191830 So sorry for any inconvenience caused Nala. ^NV
165,I’ve been very disappointed with the past year or so. I keep getting my prime orders late. I just had to cancel another late order because it’s not going to be here in time for my work’s donation to the . I ordered it a week in advance.,complaint_or_feedback,2,0.2077,1,very disappointed with my product seriously,"@210803 I'm sorry to hear about this experience, Chakshu. We'd like to help, could you let us know what went wrong? ^MA"
165,I’ve been very disappointed with the past year or so. I keep getting my prime orders late. I just had to cancel another late order because it’s not going to be here in time for my work’s donation to the . I ordered it a week in advance.,complaint_or_feedback,3,0.1993,1,Just in time for my birthday❤,"@174536 Biswa got big plans for your birthday. 😃 Wishing you a ""Happy birthday"" in advance. ^NK"
165,I’ve been very disappointed with the past year or so. I keep getting my prime orders late. I just had to cancel another late order because it’s not going to be here in time for my work’s donation to the . I ordered it a week in advance.,complaint_or_feedback,4,0.1671,1,I’m really disappointed with the delivery service for my orders around Oct.30 #superlate #IhavePrime #Why?,@132717 I'm sorry for the wait! Have we missed the delivery date provided in your order confirmation e-mail? ^BG
165,I’ve been very disappointed with the past year or so. I keep getting my prime orders late. I just had to cancel another late order because it’s not going to be here in time for my work’s donation to the . I ordered it a week in advance.,complaint_or_feedback,5,0.1634,1,Ordered a Mötley Crüe vinyl and Amazon sends me TYLER THE FUCKING CREATOR?!?! Not even close. Won't be here in time. Day ruined,@225825 Thanks for reaching out. I'm so sorry for the trouble. You can learn about the items you did not order here: https://t.co/401L54z0SO. ^LH
77,foi um kindle!! <3,technical_issue,1,0.6272,0,Todos deviam ter um Kindle,"@222176 Olá Mábile! O Kindle e só amor, né!❤️Me diga, qual é o seu lugar favorito para ler?🙃 ^HC"
77,foi um kindle!! <3,technical_issue,2,0.5568,2,"gente, uma dica: tenham um Kindle. sério, foi a melhor aquisição desse ano! 🧡 gratiluz ✨","@221645 O Kindle é amor, Flá 💖 Com certeza o melhor amigo dos leitores! O que você está lendo atualmente no seu Kindle? ^LG"
77,foi um kindle!! <3,technical_issue,3,0.4541,2,"Acabei de comprar: um kindle, MDSS serei tão leitor <3",@151163 Isso Ranyere! 😍👏 Que legal um novo Kindle. Com certeza você será tão leitor com esse monte de livros que temos disponíveis!! Agora só de aguardar que o novo Kindle chegar! 😻 ^CJ
77,foi um kindle!! <3,technical_issue,4,0.4177,0,"A é a melhor loja, comprei um kindle ontem e ja chegou","@148254 Oi Flazéda, ficamos muitos felizes que você já tem seu Kindle, continuamos trabalhando para fornecer sempre um melhor serviço! 😘 ^AG"
77,foi um kindle!! <3,technical_issue,5,0.3954,0,Comprei um Kindle na as 5:30 da tarde 9 da noite na enviaram,"@140021 Olá! Conte para nós, você sabe qual conteúdo vai ler no seu Kindle?. Ficamos curiosos. 🤔😃 ^NB"
80,Amazon PrimeとKindle Unlimitedは一つになったのかな？ Prime Reading？,technical_issue,1,0.974,0,Amazonの新サービス「Prime Reading」が開始 数百冊の書籍が読み放題 #ldnews うっひょーｗもう私アマゾンさんなしてでは生きられない・・・愛してる。。。 これはkindleいらんのよね。,@170171 いつもありがとうございます！😊 スマートフォンやタブレット、PCでもご利用いただけます🙏 YM
80,Amazon PrimeとKindle Unlimitedは一つになったのかな？ Prime Reading？,technical_issue,2,0.8882,0,Kindle unlimitedとpremiumReading読み放題とどう違うっていうんだ… Prime Reading,@171136 失礼いたします。Prime Readingの対象となるコンテンツは、すべてKindle Unlimitedの対象コンテンツです。すでにKindle Unlimitedに登録済みのお客様は、引き続きKindle Unlimitedよりお楽しみください。RI
80,Amazon PrimeとKindle Unlimitedは一つになったのかな？ Prime Reading？,technical_issue,3,0.6972,0,ん？これ Kindle Unlimited 読み放題とどう違うんだ？月10冊迄ってのも同じなのに追加料金もない自動付帯無料サービスって事になってる。 → プライム会員なら読み放題 Prime Reading,@171137 失礼いたします。Prime Readingの対象となるコンテンツは、すべてKindle Unlimitedの対象コンテンツです。すでにKindle Unlimitedに登録済みのお客様は、引き続きKindle Unlimitedよりお楽しみください。RI
80,Amazon PrimeとKindle Unlimitedは一つになったのかな？ Prime Reading？,technical_issue,4,0.6063,0,Kindle Unlimited に入ってる人はどうすればいいんでしょーか Prime Reading で読める本はKindle Unlimited でも読めるって認識でいいんでしょーか ಠ_ಠ,@171143 失礼いたします。Prime Readingの対象となるコンテンツは、すべてKindle Unlimitedの対象コンテンツです。すでにKindle Unlimitedに登録済みのお客様は、引き続きKindle Unlimitedよりお楽しみください。RI
80,Amazon PrimeとKindle Unlimitedは一つになったのかな？ Prime Reading？,technical_issue,5,0.4789,0,Amazon reading とかいうサービスが展開されたらしいが、Amazon student 会員の俺は対象外なのかな。手順踏むと既にプライム会員である旨の表示が出るも、本が全く表示されない。,@169603 失礼いたします。Prime Reading特典はPrime Student会員の方もご利用いただけます。現在一時的にKindleストアに問題が発生しております。担当部署にて問題解決に努めておりますので、恐れ入りますが、お時間をあけてお試しください。RI
198,This was supposed to be a gift and the entire plan went for a toss. I will thing twice before booking anything in Amazon going forward.,booking_or_travel,1,0.2068,1,had a long conversation with one of your customer executive.. nothing fruiful just yhe standard response.This was supposed to be a gift,@158415 I get your frustration and I'm sorry about this. I've forwarded your feedback to the concerned team for review. ^HA
198,This was supposed to be a gift and the entire plan went for a toss. I will thing twice before booking anything in Amazon going forward.,booking_or_travel,2,0.2023,1,my order was supposed to be shipped yesterday wtf going on,@159020 I'm sorry! Sometimes items can take a little longer to process before they're shipped. Let us know if it's delivered late! ^TK
198,This was supposed to be a gift and the entire plan went for a toss. I will thing twice before booking anything in Amazon going forward.,booking_or_travel,3,0.193,1,"Yes unfortunately, it was supposed to be delivered today.","@225830 Alexis, I'm sorry your birthday surprise was ruined. Has a carrier and tracking number been assigned? Did the new update provide a reason for the delay? ^SY"
198,This was supposed to be a gift and the entire plan went for a toss. I will thing twice before booking anything in Amazon going forward.,booking_or_travel,4,0.1806,1,This was supposed to be delivered yesterday and we don't know what's happened. We payed extra for next day too.,@146405 Oh no! I am sorry to see that this has happened. Were you advised a reason for the delay in your email?^HS
198,This was supposed to be a gift and the entire plan went for a toss. I will thing twice before booking anything in Amazon going forward.,booking_or_travel,5,0.1782,1,Description says it was supposed to be fulfilled by Amazon,@165799 Please contact us directly via phone or chat here: https://t.co/hApLpMlfHN ^NC
39,For my return amazon has issued refund amount on 29th oct 2017 but this is still not credited into my bank account,refund_or_compensation,1,1.0,2,For my return amazon has issued refund amount on 29th oct 2017 but this is still not credited into my bank account.,@126321 Usually it will take 3-5 business days for the refund to be reflected in your bank account as per the bank's regulations. ^SU
39,For my return amazon has issued refund amount on 29th oct 2017 but this is still not credited into my bank account,refund_or_compensation,2,0.2266,1,Amazon did something to my bank account spirit,"@148261 I'm sorry to hear about this! Without giving account or personal information, could you please let us know more details about the situation? ^MW"
39,For my return amazon has issued refund amount on 29th oct 2017 but this is still not credited into my bank account,refund_or_compensation,3,0.2072,1,amazon japan still hasn’t verified my bank account and i’m getting STRESSED,"@120091 We can't confirm your account details via Twitter, so please contact JP Customer service at: https://t.co/J6YEizo6qC TN"
39,For my return amazon has issued refund amount on 29th oct 2017 but this is still not credited into my bank account,refund_or_compensation,4,0.2038,1,I don't want to Bal to credit in my account I need Amazon pay balance the refund has initiated on 3 Oct but yet not credited,@192558 using this link : https://t.co/GIJyeYqKE0 and we'll get this resolved at the earliest. Request you to wait till we get back.[2/2^SK
39,For my return amazon has issued refund amount on 29th oct 2017 but this is still not credited into my bank account,refund_or_compensation,5,0.2018,1,Dear my order #407-7208892-2195534 is suppose to deliver by 31 Oct 2017... Still not received...,@120226 I’m sorry about the issue you’re facing with delivery. Let us look into it. (1/3)^HR
25,Hey what is going on with your provider ? I’ve ordered 5 things and 4 of them have been delayed. Ordered a Prime on 3 of them. On is now 7 days late...should have just bought it at the store,delivery_or_delay,1,0.3509,1,what is going on with your algorithms?? 🤔,@145903 Thank you for flagging this! We have forwarded this issue to the concern team to get it rectified. ^SF
25,Hey what is going on with your provider ? I’ve ordered 5 things and 4 of them have been delayed. Ordered a Prime on 3 of them. On is now 7 days late...should have just bought it at the store,delivery_or_delay,2,0.2774,1,what is going on,@175399 Please don’t provide your order details as it is personal information. Our Twitter page is visible to the public. ^MS
25,Hey what is going on with your provider ? I’ve ordered 5 things and 4 of them have been delayed. Ordered a Prime on 3 of them. On is now 7 days late...should have just bought it at the store,delivery_or_delay,3,0.2284,1,Ordered 3 things all at same time and I only received two of them. 😤,"@205572 I'm sorry to hear the apron didn't arrive! Was it listed as shipping separately, or in the same box as your other items? ^BH"
25,Hey what is going on with your provider ? I’ve ordered 5 things and 4 of them have been delayed. Ordered a Prime on 3 of them. On is now 7 days late...should have just bought it at the store,delivery_or_delay,4,0.2211,1,What is going on with voice recognition? It's gotten 1 of the last 8 shopping list items right. One!,"@171992 Hey, Geoff, have you done voice training with Alexa? You can learn how here: https://t.co/sNqLXZy1J4 Keep us posted! ^LB"
25,Hey what is going on with your provider ? I’ve ordered 5 things and 4 of them have been delayed. Ordered a Prime on 3 of them. On is now 7 days late...should have just bought it at the store,delivery_or_delay,5,0.2157,1,Hey what's the calculation going on here?,@217814 That's strange. Could you please let us know which product are you purchasing? ^RB
123,It says in stock,product_or_service_info,1,0.414,2,Yes 4 instockbon first buy 3 instock on second by now two in stock,@202266 Sorry to hear this - which Website (.com / .co.uk / .in / etc) are these Warehouse deals on ?  ^TD
123,It says in stock,product_or_service_info,2,0.3928,2,says in stock but doesn't show buy option. What is this?,"@181903 The product was available in the lightening deal, as the deal has been 100% claimed, the ""add to cart"" option isn't available. ^EM"
123,It says in stock,product_or_service_info,3,0.3745,0,When will iPhone X will be back in stock?,@129576 on the product page and you'll receive an email once the item is back in stock. 2/2 ^HD
123,It says in stock,product_or_service_info,4,0.3542,0,It's says China post,@213985 Thank you for the info! Please reach out to the seller for avail options here: https://t.co/HD9e6J6NFv ^JM
123,It says in stock,product_or_service_info,5,0.3482,2,"They aren’t in stock when you are letting people order the, still as they say in stock on website? Lying thieves is why","@190939 I'm sorry you haven't received the items you ordered! To confirm, have we missed the e-mailed delivery date? If so, have (1/2) ^MV"
196,Morrissey presale allowing buying 2 tickets for 2 venues(altho email said 1 venue only).Will 2nd order be ok or cancelled?,booking_or_travel,1,0.2645,1,Trying to buy Morrissey tickets for Brighton & being told I've exceeded number of tickets! I haven't!,@122007 Hi Daniel. Please use this link to contact us: https://t.co/JzP7hlA23B and we'll look into this for you. ^RL
196,Morrissey presale allowing buying 2 tickets for 2 venues(altho email said 1 venue only).Will 2nd order be ok or cancelled?,booking_or_travel,2,0.2602,1,are brighton tickets available today for the morrissey presale? they aren’t on the website and i got worried,"@120463 Pls reach out here so we can check this for you 
https://t.co/lnp3A1Qpxe ^KM"
196,Morrissey presale allowing buying 2 tickets for 2 venues(altho email said 1 venue only).Will 2nd order be ok or cancelled?,booking_or_travel,3,0.2502,1,when are Robert Plant tickets for Birmingham being dispatched?,"@132997 Hello, Curtis! This resource may help you determine when you will receive your tickets: https://t.co/hlVkiNgMdB ^SA"
196,Morrissey presale allowing buying 2 tickets for 2 venues(altho email said 1 venue only).Will 2nd order be ok or cancelled?,booking_or_travel,4,0.2258,1,"The email says “PRE-SALE AVAILABLE NOW FOR UK & IRELAND TOUR” no option to purchase tickets for Ireland, help? #Morrissey","@122099 Hi, please get in touch with us here: https://t.co/oGDklGgbCZ &amp; we'll check the details. ^TS"
196,Morrissey presale allowing buying 2 tickets for 2 venues(altho email said 1 venue only).Will 2nd order be ok or cancelled?,booking_or_travel,5,0.2203,1,trying to buy 2 tickets for RAH 'You have exceeded the maximum allowed number of tickets for this event' ???,"@122011 Hi, sorry to see this. Please use this link to contact us: https://t.co/JzP7hlA23B and we'll look into this for you. ^RL"
30,It has been refunded now to my amazon account,refund_or_compensation,1,0.367,1,my amazon account got hacked wtf,@176520 Oh no! Lets see what we can do to help. What issues are you encountering with your account exactly? Can you log in? ^JD
30,It has been refunded now to my amazon account,refund_or_compensation,2,0.3021,1,help me.to get my amazon account pay balacne defreezed..its a request😖😖,@151169 I'm sorry to know about the situation with your Amazon Pay balance. Please reach out to us here: https://t.co/vlvfJr4nN9 we'd like to help. ^SG
30,It has been refunded now to my amazon account,refund_or_compensation,3,0.284,1,It says it has been dispatched.,"@139998 Ok, Keep an eye on the emails and keep us in the loop ^DJ"
30,It has been refunded now to my amazon account,refund_or_compensation,4,0.2681,2,For both orders are just in my banks holding account neither has been refunded any reason why? Many thanks 2/2,@184862 Thanks for reaching out! Have the orders already dispatched? You can check here:https://t.co/aaDyEz1VgE Let us know! ^SA
30,It has been refunded now to my amazon account,refund_or_compensation,5,0.2679,1,Then u can track my amazon account,"@172009 As informed earlier, you must have received a correspondence from us. Please revert to it for any further issues. ^YP"
20,I ordered an Apple Ipad whose delivery date was yesterday (Oct 4). I haven't received it yet and customer care just wastes my time☹️,delivery_or_delay,1,0.3481,1,Order# 402-5026637-6166703 Haven't received this yet. Customer Care just wastes time. Where is the customer obsession?,@171325 Sorry about that. We'd like to help you in getting this resolved. Please share your details here: https://t.co/GIJyeYqKE0. ^MP
20,I ordered an Apple Ipad whose delivery date was yesterday (Oct 4). I haven't received it yet and customer care just wastes my time☹️,delivery_or_delay,2,0.3053,1,Original promised delivery date was yesterday to this Friday.,@118084 Please give us a call here: https://t.co/Q7Ftz6nj80 so we can take a look into this with you! ^TR
20,I ordered an Apple Ipad whose delivery date was yesterday (Oct 4). I haven't received it yet and customer care just wastes my time☹️,delivery_or_delay,3,0.2935,1,"The estimated delivery date was yesterday, 21st November",@220509 Sorry to hear your order is delayed. Has there been any update to the tracking?: https://t.co/aaDyEzjw8c ^ES
20,I ordered an Apple Ipad whose delivery date was yesterday (Oct 4). I haven't received it yet and customer care just wastes my time☹️,delivery_or_delay,4,0.2763,1,... Two of my ordered products shows delivered.. but I haven't received it yet... And irony is .. I am a prime member too.. bravo.,@215947 Sorry for the hassle. Please report this to our support team here: https://t.co/vlvfJr4nN9 and we'll check this. ^HN
20,I ordered an Apple Ipad whose delivery date was yesterday (Oct 4). I haven't received it yet and customer care just wastes my time☹️,delivery_or_delay,5,0.247,1,"If my product is in high priority, then why i haven't received it yet.","@216413 here: https://t.co/beaaDm0muc, we'll get back to you soon. 2/2^AP"
144,Was told I can’t get the price adjustment. I received the item 10 days ago. They offered me a slight discount. Bought the item for $299.99 saw it was marked down to $229.99. Simply asked for a price adjustment and they said I can only return it and buy a new one to get the price.,product_or_service_info,1,0.202,1,"When you buy something on Amazon and the price goes down within 30 days, you can email and they will refund how much the price went down.","@215525 offer you the lowest price, may result in fluctuations in our prices over time. (2/2) ^GK"
144,Was told I can’t get the price adjustment. I received the item 10 days ago. They offered me a slight discount. Bought the item for $299.99 saw it was marked down to $229.99. Simply asked for a price adjustment and they said I can only return it and buy a new one to get the price.,product_or_service_info,2,0.2012,1,"bought a headphone two days back, now the price has come down due to Citi Bank credit card, is there a I can get the discount?","@175175 I'm sorry Vaibhav, as the order is already placed we cannot provide any discount. I hope you understand. ^HN"
144,Was told I can’t get the price adjustment. I received the item 10 days ago. They offered me a slight discount. Bought the item for $299.99 saw it was marked down to $229.99. Simply asked for a price adjustment and they said I can only return it and buy a new one to get the price.,product_or_service_info,3,0.1876,1,"I bought an Amazon fire tablet a few days ago for £80, the price is now £50. Are you doing the same deal as and honouring reduced prices? If not i’ll return it and get one elsewhere.","@146691 Hello, we are unable to provide any price match. If you wish to return the item, you can visit the returns center here:http:https://t.co/5RcjVPJgUP ^CR"
144,Was told I can’t get the price adjustment. I received the item 10 days ago. They offered me a slight discount. Bought the item for $299.99 saw it was marked down to $229.99. Simply asked for a price adjustment and they said I can only return it and buy a new one to get the price.,product_or_service_info,4,0.1871,1,I can’t return it because the item wasn’t delivered like it said it was...,@190940 Please contact here for help:  https://t.co/hApLpMlfHN ^AT
144,Was told I can’t get the price adjustment. I received the item 10 days ago. They offered me a slight discount. Bought the item for $299.99 saw it was marked down to $229.99. Simply asked for a price adjustment and they said I can only return it and buy a new one to get the price.,product_or_service_info,5,0.1838,1,"Huh, Amazon Logistics just delivered the item they said they delivered two days ago.",@150006 I very glad to hear your order has now arrived Chris. You have a lovely weekend:)^GA
87,How do I disable notifications indicated by the bell icon in upper left corner of iOS Kindle app?,technical_issue,1,0.2619,1,Updated your Kindle app and now it crashes on startup. ios 10.3 3 iphone SE,@190943 I'm sorry for the trouble loading. Is your device up to date? ^RR
87,How do I disable notifications indicated by the bell icon in upper left corner of iOS Kindle app?,technical_issue,2,0.2342,1,how do I cancel a Kindle purchase?,"@165788 For instructions on how to cancel a Kindle purchase, please see here: https://t.co/3kgtHiseIR ^CO"
87,How do I disable notifications indicated by the bell icon in upper left corner of iOS Kindle app?,technical_issue,3,0.2334,1,How do you get this offer with the ios Amazon app?,"@142965 When you click on the picture of the original tweet, it should take you to the offer page. Please let us know! ^TR"
87,How do I disable notifications indicated by the bell icon in upper left corner of iOS Kindle app?,technical_issue,4,0.2262,0,why is purchasing books with kindle app on iPhone not possible? Kindle app works great but is only half useful.,@214555 Currently you can only purchase through your phone's mobile browser: https://t.co/jgom0Yu4Aq. I'm sorry for the inconvenience.^CL
87,How do I disable notifications indicated by the bell icon in upper left corner of iOS Kindle app?,technical_issue,5,0.2212,1,"your ""we thought you would like this black friday offer"" and similar push notifications - can I get rid of them without having to disable all notifications or uninstall the app?","@220532 Hey, you can find more info on how to manage notifications here: https://t.co/iflgegRVAz ^MA"
